metric,value,unit,evidence_status,note
selected_checkpoint,1026,generation,captured,checkpoint manifest and model bundle
selected_checkpoint_optimizer_steps,408500,steps,captured,QAT state in checkpoint manifest
configured_global_batch_size,2048,positions_per_step,repository_config,canonical readable recipe
derived_training_presentations,836608000,presentations,derived,optimizer steps multiplied by configured global batch size
selected_checkpoint_effective_time,60,hours,captured_export,accepted-lineage stitched time
node_hourly_price,0.72,USD_per_hour,repository_config,configured training-node rate
selected_checkpoint_narrow_cost,43.20,USD,derived,60 accepted-lineage hours multiplied by configured rate; not total spend
report_scoped_observations,180,observations,derived_from_captured_export,final lineage through exact 2.5-day cutoff
report_scoped_effective_duration,2.5,days,derived_from_captured_export,later unsuccessful experiments excluded
delivered_export_observations,229,observations,captured_export,untrimmed final multi-rung source series
delivered_export_duration,76.33,hours,captured_export,untrimmed source endpoint at 274800 seconds
stitched_start_elo,798,benchmark_elo,captured_export,multi-rung ladder rounded from 798.2
report_scoped_terminal_elo,2372.2,benchmark_elo,derived_from_captured_export,exact 2.5-day observation
stitched_peak_elo,2407.6,benchmark_elo,captured_export,multi-rung ladder
previous_baseline_peak,2388.6,benchmark_elo,captured_export,comparison campaign
time_to_previous_peak,2.5,days_approximate,captured_export,accepted-lineage stitched time
previous_baseline_duration,4.04,days,captured_export,comparison campaign
discarded_replay_rows,4040112,rows,operator_recap_pending_provenance_check,removed after failed capacity promotion
