8594170112,0,0,0,17592186044416,64,283691314053120,0,288230376151711744,8796093022208,1024,1125899906842624,-14.31
8594170112,0,0,0,17592186044416,64,283691314053120,0,288230376151711744,8796093022208,1024,4398046511104,14.61
37789952,0,0,0,17592186044416,64,283691314053120,0,288230376151711744,8796093022208,1024,4398046511104,-9.73
37789952,0,0,288230376151711744,17592186044416,64,283691314053120,0,562949953421312,8796093022208,1024,4398046511104,10.23
37789952,0,0,1152921504606846976,17592186044416,64,283691314053120,0,562949953421312,8796093022208,1024,4398046511104,-9.01
37789952,0,0,1152921504606846976,17592186044416,64,283691314053120,0,562949953421312,2251799813685248,1024,4398046511104,8.69
37789952,0,0,1152921504606846976,68719476736,64,283691314053120,0,562949953421312,2251799813685248,1024,4398046511104,-8.0
37789952,0,0,1152921504606846976,68719476736,64,283691314053120,0,562949953421312,2251799813685248,1024,1125899906842624,7.98
37789952,0,0,1152921504606846976,17592186044416,64,283691314053120,0,562949953421312,2251799813685248,1024,1125899906842624,-8.17
37789952,0,0,1152921504606846976,17592186044416,64,283691314053120,0,562949953421312,2251799813685248,1024,4398046511104,8.75
37789952,0,0,1152921504606846976,68719476736,64,283691314053120,0,562949953421312,2251799813685248,1024,4398046511104,-8.15
37789952,0,0,1152921504606846976,68719476736,64,283691314053120,0,562949953421312,2251799813685248,1024,1125899906842624,7.83
37789952,0,0,1152921504606846976,18014398509481984,64,283691314053120,0,562949953421312,2251799813685248,1024,1125899906842624,-7.98
37789952,0,0,1152921504606846976,18014398509481984,64,283691314053120,0,562949953421312,8796093022208,1024,1125899906842624,7.72
37789952,0,0,1152921504606846976,1073741824,64,18298089823535104,0,562949953421312,8796093022208,1024,1125899906842624,-5.16
37789952,0,0,1152921504606846976,1073741824,64,18298089823535104,0,562949953421312,8796093022208,1024,144115188075855872,4.9
37789952,0,0,16,1073741824,64,18298089823535104,0,562949953421312,8796093022208,1024,144115188075855872,-4.54
37789952,8796093022208,0,16,1073741824,64,18298089823535104,0,562949953421312,576460752303423488,1024,144115188075855872,5.03
37789952,137438953472,0,16,1073741824,64,18298089823535104,0,562949953421312,576460752303423488,1024,144115188075855872,0.0
37789952,137438953472,0,16,1073741824,64,18302470690177024,0,562949953421312,576460752303423488,1024,144115188075855872,2.46
37789952,137438953472,0,2,1073741824,64,18302470690177024,0,562949953421312,576460752303423488,1024,144115188075855872,-2.36
37789952,137438953472,0,2,1073741824,64,18302470690177024,0,562949953421312,576460752303423488,262144,144115188075855872,2.17
37789952,1048576,0,2,1073741824,64,18302470690177024,0,562949953421312,576460752303423488,262144,144115188075855872,-0.69
37789952,1048576,0,2,1073741824,64,18302504915697664,0,562949953421312,576460752303423488,262144,144115188075855872,2.66
37789952,1048576,0,1,1073741824,64,18302504915697664,0,562949953421312,576460752303423488,262144,144115188075855872,-1.61
37789952,1048576,0,1,1073741824,64,18302504915697664,0,562949953421312,576460752303423488,262144,288230376151711744,1.67
37789952,1048576,0,1,8,64,18302504915697664,0,562949953421312,576460752303423488,262144,288230376151711744,-1.82
38052096,1048576,0,1,8,64,18302504915697664,0,562949953421312,576460752303423488,68719476736,288230376151711744,1.59
38052096,32,0,1,8,64,18302504915697664,0,562949953421312,576460752303423488,68719476736,288230376151711744,1.35
38052096,68719476768,0,1,8,64,18302504915697664,0,562949953421312,576460752303423488,1125899906842624,288230376151711744,-1.1
38052096,2097184,0,1,8,64,18302504915697664,0,563018672898048,576460752303423488,1125899906842624,288230376151711744,1.03
38052096,2097184,576460752303423488,1,8,64,18302504915697664,0,563018672898048,-9223372036854775808,1125899906842624,288230376151711744,-0.95
38052096,2097184,274877906944,1,8,64,18302504915697664,0,563018672898048,-9223372036854775808,1125899906842624,288230376151711744,1.13
38052096,2097184,274877906944,68719476737,8,64,18302504915697664,0,598134325510144,-9223372036854775808,1125899906842624,288230376151711744,-1.32
38052096,2097184,274877906944,17,8,64,18302504915697664,68719476736,598134325510144,-9223372036854775808,1125899906842624,288230376151711744,4.93
68757528832,2097184,274877906944,17,8,64,18302504915697664,2251799813685248,598134325510144,-9223372036854775808,1125899906842624,288230376151711744,-5.04
68757528832,2097184,536870912,17,8,64,18302779793604608,2251799813685248,598134325510144,-9223372036854775808,1125899906842624,288230376151711744,6.15
68757528832,2097184,536870912,17,8,64,18372873659875328,2251799813685248,598134325510144,-9223372036854775808,1125899906842624,288230376151711744,-5.87
172269824,2097184,536870912,17,8,64,18372942379352064,2251799813685248,598134325510144,-9223372036854775808,1125899906842624,288230376151711744,5.91
172269824,2097184,536870912,17,8,64,18390465845919744,2251799813685248,598134325510144,-9223372036854775808,1125899906842624,288230376151711744,-5.87
172269824,2097184,4,17,8,64,18390465845919744,2251799813685248,598134325510144,-9223372036854775808,1125899906842624,288230376151711744,5.83
172269824,2097184,70368744177668,17,8,64,54348894120706048,2251799813685248,598134325510144,-9223372036854775808,1125899906842624,288230376151711744,-6.03
172269824,2097184,524292,17,8,64,54348894120706048,2322168557862912,598134325510144,-9223372036854775808,1125899906842624,288230376151711744,5.65
35184544358656,2097184,524292,17,8,64,54348894120706048,2322168557862912,5066549580791808,-9223372036854775808,1125899906842624,288230376151711744,-4.51
68891746560,2097184,524292,17,8,64,54349031559659520,2322168557862912,5066549580791808,-9223372036854775808,1125899906842624,288230376151711744,4.74
68891746560,2097184,524292,17,8,64,63356093375447040,2322168557862912,5066549580791808,-9223372036854775808,1125899906842624,288230376151711744,-2.74
68858192640,2097184,524292,17,8,64,63356093375447040,2322168557862912,5066549580791808,-9223372036854775808,1125899906842624,288230376151711744,2.78
68858192640,2097184,524292,17,8,64,63356093375447040,2322168557862912,5066549580791808,-9223372036854775808,1125899906842624,1152921504606846976,-2.29
68857931520,2097184,524292,17,8,64,63356093375447040,2322168557862912,5066549580791808,-9223372036854775808,1125899906842624,1152921504606846976,2.22
68857931520,2097184,524292,17,8,64,63356093375447040,2322168557862912,292733975779082240,-9223372036854775808,1125899906842624,1152921504606846976,-2.43
68857931520,2099200,524292,17,8,64,63356093375447040,2322168557862912,292733975779082240,-9223372036854775808,1125899906842624,1152921504606846976,2.39
68857931520,2099200,524292,17,8,64,63916844305612800,2322168557862912,292733975779082240,-9223372036854775808,1125899906842624,1152921504606846976,-2.33
68857931520,2099200,524292,33,8,64,63916844305612800,2322168557862912,292733975779082240,-9223372036854775808,1125899906842624,1152921504606846976,2.2
68857931520,2099200,524292,33,8,64,63916844305612800,2322168557862912,2594073385365405696,-9223372036854775808,1125899906842624,1152921504606846976,-1.75
68853753600,2099200,524292,33,8,64,63916844305612800,2322168557862912,2594073385365405696,-9223372036854775808,1125899906842624,1152921504606846976,2.22
68853753600,2099200,524292,33,8,64,63916844305612800,6755399441055744,2594073385365405696,-9223372036854775808,1125899906842624,1152921504606846976,-1.53
402712320,2099200,524292,33,8,64,63916844305612800,6755399441055744,2594073385365405696,-9223372036854775808,1125899906842624,1152921504606846976,2.39
402712320,2099200,524292,33,8,64,63916844305612800,4613937818241073152,2594073385365405696,-9223372036854775808,1125899906842624,1152921504606846976,-1.64
402712320,2099200,524292,129,8,16,63916844305612800,4613937818241073152,2594073385365405696,-9223372036854775808,1125899906842624,1152921504606846976,1.63
402712320,2099200,524292,129,8,16,63916844305612800,4755801206503243776,2594073385365405696,-9223372036854775808,1125899906842624,1152921504606846976,-1.32
402712320,2099200,36,129,8,16,63916844305612800,4755801206503243776,2594073385365405696,-9223372036854775808,1125899906842624,1152921504606846976,1.32
402712320,2099200,36,129,8,16,63916844305612800,4755801206503243776,2594073385365405696,-9223372036854775808,576460752303423488,1152921504606846976,-0.54
402712320,2112,36,129,8,16,63916844305612800,4755801206503243776,2594073385365405696,-9223372036854775808,576460752303423488,1152921504606846976,0.44
402712320,2112,36,129,8,16,65038346165944320,4755801206503243776,2594073385365405696,-9223372036854775808,576460752303423488,1152921504606846976,-0.11
402712320,66,36,129,8,16,65038346165944320,4755801206503243776,2594073385365405696,-9223372036854775808,576460752303423488,1152921504606846976,0.0
402712320,66,36,129,8,16,67290111619891200,4755801206503243776,2594073385365405696,-9223372036854775808,576460752303423488,1152921504606846976,0.0
268496640,66,36,129,8,16,67290111619891200,4755801206503243776,2594073385365405696,-9223372036854775808,576460752303423488,1152921504606846976,0.13
268496640,66,36,129,8,16,71776119061217280,4755801206503243776,2594073385365405696,-9223372036854775808,576460752303423488,1152921504606846976,-0.24
38043904,67108864,512,48,131072,64,40886456838782976,8192,18014398509481984,2882303761517117440,2097152,-9223372036854775808,-0.07
38052096,67108864,512,48,131072,64,40886456838782976,1073741824,18014398509481984,2882303761517117440,2097152,-9223372036854775808,0.06
38052096,67108864,512,36,131072,64,40886456838782976,1073741824,18014398509481984,2882303761517117440,2097152,-9223372036854775808,-8.51
38052096,67108864,512,36,131072,64,40886456838782976,1073741824,18014398509481984,2882303761517117440,2097152,4611686018427387904,8.3
38052096,67108864,512,36,65536,64,40886456838782976,1073741824,18014398509481984,2882303761517117440,2097152,4611686018427387904,-8.19
306487552,67108864,512,36,65536,64,40886594009300992,1073741824,18014398509481984,2882303761517117440,2097152,4611686018427387904,9.08
306487552,67108864,512,20,65536,64,40886594009300992,1073741824,18014398509481984,2882303761517117440,2097152,4611686018427387904,-9.36
306487552,69206016,512,20,65536,64,40886594009300992,1073741824,18014398509481984,2882303761517117440,524288,4611686018427387904,8.86
306487552,2099200,512,20,65536,64,40886594009300992,1140850688,18014398509481984,2882303761517117440,524288,4611686018427387904,-5.09
306487552,2099200,512,20,65536,64,40886594009300992,5368709120,18014398509481984,2882303761517117440,524288,4611686018427387904,6.76
273064192,2099200,512,20,65536,64,40886594009300992,5368709120,18014398509481984,2882303761517117440,524288,4611686018427387904,-4.9
273064192,2099200,512,20,65536,64,49893655825088512,5368709120,18014398509481984,2882303761517117440,524288,4611686018427387904,6.92
273064192,2099200,512,17,65536,64,49893655825088512,5368709120,18014398509481984,2882303761517117440,524288,4611686018427387904,-2.35
273064192,2099200,512,17,65536,64,49893655825088512,35188667056128,18014398509481984,2882303761517117440,524288,4611686018427387904,6.18
273064192,2099200,4,17,65536,64,49893655825088512,35188667056128,18014398509481984,2882303761517117440,524288,4611686018427387904,-2.18
273064192,2099200,4,17,65536,64,49893655825088512,35188667056128,18014398509481984,2882303761517117440,8589934592,4611686018427387904,1.88
272933632,2099200,4,17,65536,64,49893655825088512,35188667056128,18014398509481984,2882303761517117440,8589934592,4611686018427387904,-1.72
272933632,2099200,8589934596,17,65536,64,49893655825088512,35188667056128,18014398509481984,2882303761517117440,2251799813685248,4611686018427387904,1.62
272933632,2099200,36,17,65536,64,49893655825088512,35188667056128,18014407099416576,2882303761517117440,2251799813685248,4611686018427387904,-0.37
272933632,2099200,36,17,65536,64,49893655825088512,35188667056128,18014407099416576,2882303761517117440,524288,4611686018427387904,0.0
272933632,2099200,16388,17,65536,64,49893655825088512,35188667056128,18014407099416576,2882303761517117440,524288,4611686018427387904,0.64
272933632,2099200,16388,17,65536,64,49893655825088512,35188667056128,18014407099416576,2377900603251621888,524288,4611686018427387904,0.54
272933632,2099200,16388,17,131072,64,49893655825088512,35188667056128,18014407099416576,2377900603251621888,524288,4611686018427387904,0.56
272933632,2099200,16388,17,131072,64,49893655825088512,39582418599936,18014407099416576,2377900603251621888,524288,4611686018427387904,-0.47
272933632,2099200,16388,17,16777216,64,49893655825088512,39582418599936,18014407099416576,2377900603251621888,524288,4611686018427387904,1.1
272933632,2099200,16388,17,16777216,64,49893655825088512,39582418599936,18015498021109760,2377900603251621888,524288,4611686018427387904,-0.85
272933632,2099200,16388,17,1024,64,49893655825088512,39582418599936,18015498021109760,2377900603251621888,524288,4611686018427387904,1.03
272933632,2099200,16388,17,1024,64,49893655825088512,39582418599936,18015498021109760,2377900603251621888,576460752303423488,4611686018427387904,0.31
272933632,2099200,16388,33,1024,64,49893655825088512,39582418599936,18015498021109760,2377900603251621888,576460752303423488,4611686018427387904,-0.17
272933632,2099200,16388,33,1024,64,49893655825088512,39582418599936,306244774661193728,2377900603251621888,576460752303423488,4611686018427387904,0.17
272933632,2099200,16388,33,8,64,49893655825088512,39582418599936,306244774661193728,2377900603251621888,576460752303423488,4611686018427387904,0.51
272933632,2099200,16388,33,8,64,50454406755254272,39582418599936,306244774661193728,2377900603251621888,576460752303423488,4611686018427387904,-0.04
272672512,2099200,16388,33,8,64,50454406755254272,39582418599936,306244774661193728,2377900603251621888,576460752303423488,4611686018427387904,0.0
272672512,2099200,16388,33,8,64,50454406755254272,144150372447944704,306244774661193728,2377900603251621888,576460752303423488,4611686018427387904,0.01
4761344,2099200,16388,33,8,64,50454407023689728,144150372447944704,306244774661193728,2377900603251621888,576460752303423488,4611686018427387904,-0.09
273196800,2099200,16388,33,8,64,50454441114992640,144150372447944704,306244774661193728,2377900603251621888,576460752303423488,4611686018427387904,0.13
4765440,2099200,16388,33,8,64,50454441114992640,144150372447944704,306244774661193728,2377900603251621888,576460752303423488,4611686018427387904,0.07
4765440,2099200,16388,33,8,64,51580323841966080,144150372447944704,306244774661193728,2377900603251621888,576460752303423488,4611686018427387904,0.09
4765440,2097154,16388,33,8,64,51580323841966080,144150372447944704,306244774661193728,2377900603251621888,576460752303423488,4611686018427387904,-0.13
4765440,2097154,16388,33,8,64,53832089295912960,144150372447944704,306244774661193728,2377900603251621888,576460752303423488,4611686018427387904,0.13
4243200,2097154,16388,33,8,64,53832089295912960,144150372447944704,306244774661193728,2377900603251621888,576460752303423488,4611686018427387904,0.25
4243200,2097154,16388,33,8,64,53832089295912960,144150372447944704,306244774661193728,-9223372036854775808,576460752303423488,1152921504606846976,-0.21
4243200,2097154,16388,129,8,16,53832089295912960,144150372447944704,306244774661193728,-9223372036854775808,576460752303423488,1152921504606846976,0.23
4243200,2097154,16388,129,8,16,53832089295912960,144150372447944704,2594073385365405696,-9223372036854775808,576460752303423488,1152921504606846976,-0.13
4243200,2097154,36,129,8,16,53832089295912960,144150372447944704,2594073385365405696,-9223372036854775808,576460752303423488,1152921504606846976,0.25
4243200,2097154,36,129,8,16,71776119061217280,144150372447944704,2594073385365405696,-9223372036854775808,576460752303423488,1152921504606846976,-0.05
65280,2097154,36,129,8,16,71776119061217280,144150372447944704,2594073385365405696,-9223372036854775808,576460752303423488,1152921504606846976,0.25
65280,2097154,36,129,8,16,71776119061217280,4755801206503243776,2594073385365405696,-9223372036854775808,576460752303423488,1152921504606846976,-0.13
9462016,274877906944,4096,1125899906842632,131072,64,45670414482931712,35184372088832,18014398777917440,72057594037927936,2305843009213693952,4611686018427387904,-9.61
9462016,2097152,4096,1125899906842632,131072,64,45670414482931712,35184372088832,18014398777917440,72057594037927936,2305843009213693952,4611686018427387904,9.51
9462016,2097152,4096,1125899906842632,131072,64,45670414482931712,549755813888,18014398777917440,72057594037927936,2305843009213693952,4611686018427387904,-8.61
9462016,2097152,4096,17179869192,131072,64,45670414482931712,549755813888,18014398777917440,72057594037927936,2305843009213693952,4611686018427387904,8.41
9462016,2097152,2305843009213698048,17179869192,131072,64,45670414482931712,549755813888,18014398777917440,72057594037927936,1152921504606846976,4611686018427387904,-8.11
9462016,2097152,8796093026304,17179869192,131072,64,45670414482931712,549755813888,18014398777917440,2377900603251621888,1152921504606846976,4611686018427387904,8.44
9462016,2097152,8796093026304,17179869192,131072,64,45670414482931712,549755813888,18014398777917440,2377900603251621888,4503599627370496,4611686018427387904,-6.4
9462016,2097152,36864,17179869192,131072,64,45670414482931712,549755813888,18014398777917440,2377900603251621888,4503599627370496,4611686018427387904,6.77
9462016,2097152,36864,17179869192,131072,64,45670414482931712,549755813888,18014398777917440,2377900603251621888,576460752303423488,4611686018427387904,-5.78
9462016,2097152,36864,17179869216,131072,64,45670414482931712,549755813888,18014398777917440,2377900603251621888,576460752303423488,4611686018427387904,5.35
9462016,2097152,36864,17179869216,131072,64,45670414482931712,549755813888,268435968,2377900603251621888,576460752303423488,4611686018427387904,-5.22
9462016,2097152,36864,17179869216,8,64,45670414482931712,549755813888,268435968,2377900603251621888,576460752303423488,4611686018427387904,4.75
9462528,2097152,36864,17179869216,8,64,45670414482931712,549755813888,18014398777917440,2377900603251621888,576460752303423488,4611686018427387904,-1.96
9462528,2097152,36864,36,8,64,45670431662800896,549755813888,18014398777917440,2377900603251621888,576460752303423488,4611686018427387904,2.29
9462528,270532608,36864,36,8,64,45670431662800896,549755813888,18018796555993088,2377900603251621888,576460752303423488,4611686018427387904,-1.6
9462528,8796095119360,36864,36,8,64,45670431662800896,550024249344,18018796555993088,2377900603251621888,576460752303423488,4611686018427387904,1.97
9462528,8796095119360,36864,36,8,64,45670431662800896,35734127902720,18018796555993088,2377900603251621888,576460752303423488,4611686018427387904,-1.67
9462528,8796095119360,36864,33,8,64,45670431662800896,35734127902720,18018796555993088,2377900603251621888,576460752303423488,4611686018427387904,3.54
9462528,8796095119360,36864,33,8,64,45670431662800896,2252349569499136,18018796555993088,2377900603251621888,576460752303423488,4611686018427387904,-0.62
9462528,8796095119360,536875008,33,8,64,45670431662800896,2252349569499136,18018796555993088,2377900603251621888,576460752303423488,4611686018427387904,0.68
9462528,8796095119360,536875008,33,8,64,45670431662800896,2286984185774080,18018796555993088,2377900603251621888,576460752303423488,4611686018427387904,0.13
9462528,8592031744,536875008,33,8,64,45670431662800896,2286984185774080,18018796555993088,2377900603251621888,576460752303423488,4611686018427387904,0.03
9462528,8592031744,536875008,33,8,64,45950807127883776,2286984185774080,18018796555993088,2377900603251621888,576460752303423488,4611686018427387904,0.88
9462528,2359296,536875008,33,8,64,45950807127883776,2286984185774080,18018796555993088,2377900603251621888,576460752303423488,4611686018427387904,0.99
9462528,2359296,536875008,33,8,64,45950807127883776,144150372447944704,18018796555993088,2377900603251621888,576460752303423488,4611686018427387904,-1.09
9462528,2359296,536875008,129,8,16,45950807127883776,144150372447944704,18018796555993088,2377900603251621888,576460752303423488,4611686018427387904,0.87
9462528,2359296,536875008,129,8,16,45950807127883776,144150372447944704,18014432869220352,2377900603251621888,576460752303423488,4611686018427387904,-0.94
9462528,2359296,536870944,129,8,16,45950807127883776,144150372447944704,18014432869220352,2377900603251621888,576460752303423488,4611686018427387904,1.0
34369200896,2359296,536870944,129,8,16,45950807127883776,144150372447944704,18031990695526400,2377900603251621888,576460752303423488,4611686018427387904,1.33
76571392,2359296,536870944,129,8,16,45950841487622144,144150372447944704,18031990695526400,2377900603251621888,576460752303423488,4611686018427387904,-0.45
76571392,2359296,536870944,129,8,16,45959603220905984,144150372447944704,18031990695526400,2377900603251621888,576460752303423488,4611686018427387904,0.3
75526912,2359296,536870944,129,8,16,45959603220905984,144150372447944704,18031990695526400,2377900603251621888,576460752303423488,4611686018427387904,0.51
17592261571328,2359296,536870944,129,8,16,45959603220905984,144150372447944704,306244774661193728,2377900603251621888,576460752303423488,4611686018427387904,-0.65
34435265280,2359296,536870944,129,8,16,45977195406950400,144150372447944704,306244774661193728,2377900603251621888,576460752303423488,4611686018427387904,0.48
34435265280,2359296,536870944,129,8,16,48220199127613440,144150372447944704,306244774661193728,2377900603251621888,576460752303423488,4611686018427387904,0.07
34435265280,2359296,36,129,8,16,48220199127613440,144150372447944704,306244774661193728,2377900603251621888,576460752303423488,4611686018427387904,0.75
34435265280,2359296,36,129,8,16,52706206568939520,144150372447944704,306244774661193728,2377900603251621888,576460752303423488,4611686018427387904,-0.4
34426909440,2359296,36,129,8,16,52706206568939520,144150372447944704,306244774661193728,2377900603251621888,576460752303423488,4611686018427387904,0.83
34426909440,2359296,36,129,8,16,52706206568939520,144150372447944704,306244774661193728,-9223372036854775808,576460752303423488,1152921504606846976,-0.5
34426909440,262208,36,129,8,16,52706206568939520,144150372447944704,306244774661193728,-9223372036854775808,576460752303423488,1152921504606846976,0.9
34426909440,262208,36,129,8,16,52706206568939520,144150372447944704,2594073385365405696,-9223372036854775808,576460752303423488,1152921504606846976,-0.94
34426909440,66,36,129,8,16,52706206568939520,144150372447944704,2594073385365405696,-9223372036854775808,576460752303423488,1152921504606846976,0.85
34426909440,66,36,129,8,16,70650236334243840,144150372447944704,2594073385365405696,-9223372036854775808,576460752303423488,1152921504606846976,-0.52
201388800,66,36,129,8,16,70650236334243840,144150372447944704,2594073385365405696,-9223372036854775808,576460752303423488,1152921504606846976,0.92
201388800,66,36,129,8,16,71776119061217280,144150372447944704,2594073385365405696,-9223372036854775808,576460752303423488,1152921504606846976,-0.11
134280960,66,36,129,8,16,71776119061217280,144150372447944704,2594073385365405696,-9223372036854775808,576460752303423488,1152921504606846976,0.27
134280960,66,36,129,8,16,71776119061217280,4755801206503243776,2594073385365405696,-9223372036854775808,576460752303423488,1152921504606846976,0.0
2696704,34359738368,2305843009213694208,0,2048,32,9008307423412224,134217728,0,1152921504606846976,8388608,36028797018963968,-0.09
2696704,34359738368,2305843009213694208,0,2048,32,9008307423412224,134217728,0,1152921504606846976,137438953472,36028797018963968,0.08
2696704,34359738368,140737488355584,0,2048,32,9008307423412224,134217728,0,3458764513820540928,137438953472,36028797018963968,-8.36
2696704,34359738368,140737488355584,0,2048,32,9008307423412224,134217728,0,3458764513820540928,137438953472,18014398509481984,8.44
2696704,34359738368,536871168,0,2048,32,9149044911767552,134217728,0,3458764513820540928,137438953472,18014398509481984,-8.05
2696704,34359738368,536871168,18014398509481984,2048,32,9149044911767552,134217728,0,3458764513820540928,137438953472,4611686018427387904,9.36
2696704,34359738368,536871168,64,2048,32,9149044911767552,134217728,18014398509481984,3458764513820540928,137438953472,4611686018427387904,-5.72
2696704,34359738368,536871168,64,2048,32,9149044911767552,134217728,18014398509481984,3458764513820540928,70368744177664,4611686018427387904,6.69
2696704,34359738368,536871168,128,2048,32,9149044911767552,134217728,18014398509481984,3458764513820540928,70368744177664,4611686018427387904,-1.52
2696704,34359738368,536871168,128,2048,32,9149044911767552,134217728,18014398509481984,2377900603251621888,70368744177664,4611686018427387904,2.69
2696704,34359738368,536871168,128,2048,16384,9149044911767552,134217728,18014398509481984,2377900603251621888,70368744177664,4611686018427387904,-0.9
2696704,34359738368,536871168,128,2048,16384,9149044911767552,134217728,18014398509481984,2377900603251621888,35184372088832,4611686018427387904,1.09
2696704,262144,536871168,128,2048,16384,9149079271505920,134217728,18014398509481984,2377900603251621888,35184372088832,4611686018427387904,-0.81
2696704,262144,536871168,128,2048,16384,9149079271505920,134217728,18014398509481984,2377900603251621888,2147483648,4611686018427387904,1.12
2696704,262144,536871168,16,2048,16384,9149079271505920,134217728,18014398509481984,2377900603251621888,2147483648,4611686018427387904,-1.53
2696704,262144,536871168,2147483664,2048,16384,9149079271505920,134217728,18014398509481984,2377900603251621888,576460752303423488,4611686018427387904,1.03
2696704,262144,536871168,144,2048,16384,9149079271505920,2281701376,18014398509481984,2377900603251621888,576460752303423488,4611686018427387904,-1.01
2696704,262144,536871168,144,2048,16384,9149079271505920,137573171200,18014398509481984,2377900603251621888,576460752303423488,4611686018427387904,1.1
2696704,262144,4194560,144,2048,16384,9149079271505920,137573171200,18014398509481984,2377900603251621888,576460752303423488,4611686018427387904,0.0
2696704,262144,4194560,144,2048,16384,9149079271505920,4503599761588224,18014398509481984,2377900603251621888,576460752303423488,4611686018427387904,0.94
2696704,262144,4194560,48,2048,16384,9149079271505920,4503599761588224,18014398509481984,2377900603251621888,576460752303423488,4611686018427387904,-0.77
2696704,262144,4194560,48,2048,16384,9149096384266240,4503599761588224,18014398509481984,2377900603251621888,576460752303423488,4611686018427387904,0.26
2696704,262144,4194560,33,2048,16384,9149096384266240,4503599761588224,18014398509481984,2377900603251621888,576460752303423488,4611686018427387904,-0.06
2696704,262144,4194560,33,2048,16384,9712037747752960,4503599761588224,18014398509481984,2377900603251621888,576460752303423488,4611686018427387904,0.06
2696704,262144,4194560,33,2048,64,9712037747752960,4503599761588224,18014398509481984,2377900603251621888,576460752303423488,4611686018427387904,-0.35
2696704,262144,4194560,33,2048,64,9712037747752960,4507997673881600,18014398509481984,2377900603251621888,576460752303423488,4611686018427387904,0.4
615936,262144,4194560,33,2048,64,9712037747752960,4507997673881600,18014398511579136,2377900603251621888,576460752303423488,4611686018427387904,-0.33
615936,2359296,4194560,33,2048,64,9712037747752960,4507997673881600,18014399583223808,2377900603251621888,576460752303423488,4611686018427387904,0.25
615936,2359296,4194560,33,8,64,9712037747752960,4507997673881600,18014399583223808,2377900603251621888,576460752303423488,4611686018427387904,-0.46
1074357760,2359296,4194560,33,8,64,9712037747752960,4507997673881600,306244774661193728,2377900603251621888,576460752303423488,4611686018427387904,0.34
9004544,2359296,4194560,33,8,64,9712038821494784,4507997673881600,306244774661193728,2377900603251621888,576460752303423488,4611686018427387904,-0.35
9004544,2359296,4194560,33,8,64,9712312625659904,4507997673881600,306244774661193728,2377900603251621888,576460752303423488,4611686018427387904,1.9
9004544,2359296,2147483904,33,8,64,9712312625659904,4507997673881600,306244774661193728,2377900603251621888,576460752303423488,4611686018427387904,-1.9
9004544,2359296,2147483904,33,8,64,9782406491930624,4507997673881600,306244774661193728,2377900603251621888,576460752303423488,4611686018427387904,2.08
9004544,2359296,274877907200,33,8,64,9782406491930624,4507997673881600,306244774661193728,2377900603251621888,576460752303423488,4611686018427387904,-0.55
9004544,2359296,274877907200,33,8,64,45670466022539264,4507997673881600,306244774661193728,2377900603251621888,576460752303423488,4611686018427387904,0.19
9004544,2359296,260,33,8,64,45670466022539264,4507997673881600,306244774661193728,2377900603251621888,576460752303423488,4611686018427387904,0.18
9004544,2359296,260,33,8,64,45950841487622144,4507997673881600,306244774661193728,2377900603251621888,576460752303423488,4611686018427387904,0.28
9004544,2359296,67108868,33,8,64,45950841487622144,4507997673881600,306244774661193728,2377900603251621888,576460752303423488,4611686018427387904,-0.33
34368742912,2359296,67108868,33,8,64,45968399313928192,4507997673881600,306244774661193728,2377900603251621888,576460752303423488,4611686018427387904,0.23
277440000,2359296,67108868,33,8,64,45968433673666560,4507997673881600,306244774661193728,2377900603251621888,576460752303423488,4611686018427387904,-0.33
277440000,2359296,67108868,33,8,64,48220199127613440,4507997673881600,306244774661193728,2377900603251621888,576460752303423488,4611686018427387904,0.59
269084160,2359296,67108868,33,8,64,48220199127613440,4507997673881600,306244774661193728,2377900603251621888,576460752303423488,4611686018427387904,-0.37
269084160,2359296,67108868,33,8,64,48220199127613440,4507997673881600,306244774661193728,-9223372036854775808,576460752303423488,1152921504606846976,0.3
269084160,2359296,67108868,129,8,16,48220199127613440,4507997673881600,306244774661193728,-9223372036854775808,576460752303423488,1152921504606846976,-0.23
269084160,2359296,67108868,129,8,16,48220199127613440,4611690416473899008,306244774661193728,-9223372036854775808,576460752303423488,1152921504606846976,0.59
269018880,2359296,67108868,129,8,16,48220199127613440,4611690416473899008,306244774661193728,-9223372036854775808,576460752303423488,1152921504606846976,0.0
269018880,2359296,67108868,129,8,16,52706206568939520,4611690416473899008,306244774661193728,-9223372036854775808,576460752303423488,1152921504606846976,0.28
268496640,2359296,67108868,129,8,16,52706206568939520,4611690416473899008,306244774661193728,-9223372036854775808,576460752303423488,1152921504606846976,0.13
268496640,2359296,67108868,129,8,16,52706206568939520,4611690416473899008,2594073385365405696,-9223372036854775808,576460752303423488,1152921504606846976,-0.02
268496640,2359296,36,129,8,16,52706206568939520,4611690416473899008,2594073385365405696,-9223372036854775808,576460752303423488,1152921504606846976,0.0
268496640,2359296,36,129,8,16,70650236334243840,4611690416473899008,2594073385365405696,-9223372036854775808,576460752303423488,1152921504606846976,-0.23
268496640,2097154,36,129,8,16,70650236334243840,4611690416473899008,2594073385365405696,-9223372036854775808,576460752303423488,1152921504606846976,0.32
268496640,2097154,36,129,8,16,70650236334243840,4755801206503243776,2594073385365405696,-9223372036854775808,576460752303423488,1152921504606846976,0.0
268496640,66,36,129,8,16,70650236334243840,4755801206503243776,2594073385365405696,-9223372036854775808,576460752303423488,1152921504606846976,0.32
268496640,66,36,129,8,16,71776119061217280,4755801206503243776,2594073385365405696,-9223372036854775808,576460752303423488,1152921504606846976,-0.24
